file_path;xpath;content;source;simple_name;fqn;kind;abstract;id;code_reference_id;code_element_id;index;rationale;linker_name;release_link_set_id;first_link_id
smack/doc/smacktutorial3.3/home/gaya/recodoc2/recodoc2/recodoc_data/smack/doc/smack/processing.html;/html/body/div[1]/div[3]/pre;M!M:zzzsnippet.AndFilter:AndFilter:zzzsnippet.PacketTypeFilter:zzzsnippet.FromContainsFilter;d;AndFilter;org.jivesoftware.smack.filter.AndFilter.AndFilter;method;f;128830;913372;24722;1;"";javamethod;88096;
smack/doc/smacktutorial3.3/home/gaya/recodoc2/recodoc2/recodoc_data/smack/doc/smack/processing.html;/html/body/div[1]/div[3]/pre;M!M:zzzsnippet.AndFilter:AndFilter:zzzsnippet.PacketTypeFilter:zzzsnippet.FromContainsFilter;d;AndFilter;org.jivesoftware.smack.filter.AndFilter.AndFilter;method;f;128829;913372;24718;0;"";javamethod;88096;88096
smack/doc/smacktutorial3.3/home/gaya/recodoc2/recodoc2/recodoc_data/smack/doc/smack/messaging.html;/html/body/div[2]/div[3]/pre;M!M:zzzsnippet.Chat:sendMessage:UNKNOWNP.UNKNOWN;d;sendMessage;org.jivesoftware.smack.Chat.sendMessage;method;f;128671;913947;24379;1;"";javamethod;87959;
smack/doc/smacktutorial3.3/home/gaya/recodoc2/recodoc2/recodoc_data/smack/doc/smack/messaging.html;/html/body/div[2]/div[3]/pre;M!M:zzzsnippet.Chat:sendMessage:UNKNOWNP.UNKNOWN;d;sendMessage;org.jivesoftware.smack.Chat.sendMessage;method;f;128670;913947;24371;0;"";javamethod;87959;87959
smack/doc/smacktutorial3.3/home/gaya/recodoc2/recodoc2/recodoc_data/smack/doc/smack/extensions/rosterexchange.html;/html/body/div[5]/blockquote/pre;M!M:zzzsnippet.Iterator:next;d;next;org.jivesoftware.smack.util.collections.AbstractHashedMap.ValuesIterator.next;method;f;128565;914113;26499;3;"";javamethod;87878;
smack/doc/smacktutorial3.3/home/gaya/recodoc2/recodoc2/recodoc_data/smack/doc/smack/extensions/rosterexchange.html;/html/body/div[5]/blockquote/pre;M!M:zzzsnippet.Iterator:next;d;next;org.jivesoftware.smack.util.collections.AbstractHashedMap.KeySetIterator.next;method;f;128564;914113;26449;2;"";javamethod;87878;
smack/doc/smacktutorial3.3/home/gaya/recodoc2/recodoc2/recodoc_data/smack/doc/smack/extensions/rosterexchange.html;/html/body/div[5]/blockquote/pre;M!M:zzzsnippet.Iterator:next;d;next;org.jivesoftware.smack.util.collections.AbstractHashedMap.HashMapIterator.next;method;f;128563;914113;26314;1;"";javamethod;87878;
smack/doc/smacktutorial3.3/home/gaya/recodoc2/recodoc2/recodoc_data/smack/doc/smack/extensions/rosterexchange.html;/html/body/div[5]/blockquote/pre;M!M:zzzsnippet.Iterator:next;d;next;org.jivesoftware.smack.util.collections.MapIterator.next;method;t;128562;914113;25921;0;"";javamethod;87878;87878
smack/doc/smacktutorial3.3/home/gaya/recodoc2/recodoc2/recodoc_data/smack/doc/smack/extensions/xhtml.html;/html/body/div[4]/blockquote/pre;M!M:zzzsnippet.Iterator:next;d;next;org.jivesoftware.smack.util.collections.AbstractHashedMap.ValuesIterator.next;method;f;128655;913874;26499;3;"";javamethod;87945;
smack/doc/smacktutorial3.3/home/gaya/recodoc2/recodoc2/recodoc_data/smack/doc/smack/extensions/xhtml.html;/html/body/div[4]/blockquote/pre;M!M:zzzsnippet.Iterator:next;d;next;org.jivesoftware.smack.util.collections.AbstractHashedMap.KeySetIterator.next;method;f;128654;913874;26449;2;"";javamethod;87945;
smack/doc/smacktutorial3.3/home/gaya/recodoc2/recodoc2/recodoc_data/smack/doc/smack/extensions/xhtml.html;/html/body/div[4]/blockquote/pre;M!M:zzzsnippet.Iterator:next;d;next;org.jivesoftware.smack.util.collections.AbstractHashedMap.HashMapIterator.next;method;f;128653;913874;26314;1;"";javamethod;87945;
smack/doc/smacktutorial3.3/home/gaya/recodoc2/recodoc2/recodoc_data/smack/doc/smack/extensions/xhtml.html;/html/body/div[4]/blockquote/pre;M!M:zzzsnippet.Iterator:next;d;next;org.jivesoftware.smack.util.collections.MapIterator.next;method;t;128652;913874;25921;0;"";javamethod;87945;87945
smack/doc/smacktutorial3.3/home/gaya/recodoc2/recodoc2/recodoc_data/smack/doc/smack/extensions/rosterexchange.html;/html/body/div[2]/blockquote/pre;M!M:zzzsnippet.RosterExchangeManager:send:UNKNOWNP.UNKNOWN:UNKNOWNP.UNKNOWN;d;send;org.jivesoftware.smackx.RosterExchangeManager.send;method;f;128867;913498;26697;2;"";javamethod;88130;
smack/doc/smacktutorial3.3/home/gaya/recodoc2/recodoc2/recodoc_data/smack/doc/smack/extensions/rosterexchange.html;/html/body/div[2]/blockquote/pre;M!M:zzzsnippet.RosterExchangeManager:send:UNKNOWNP.UNKNOWN:UNKNOWNP.UNKNOWN;d;send;org.jivesoftware.smackx.RosterExchangeManager.send;method;f;128866;913498;26687;1;"";javamethod;88130;
smack/doc/smacktutorial3.3/home/gaya/recodoc2/recodoc2/recodoc_data/smack/doc/smack/extensions/rosterexchange.html;/html/body/div[2]/blockquote/pre;M!M:zzzsnippet.RosterExchangeManager:send:UNKNOWNP.UNKNOWN:UNKNOWNP.UNKNOWN;d;send;org.jivesoftware.smackx.RosterExchangeManager.send;method;f;128865;913498;26677;0;"";javamethod;88130;88130
smack/doc/smacktutorial3.3/home/gaya/recodoc2/recodoc2/recodoc_data/smack/doc/smack/extensions/disco.html;/html/body/div[5]/blockquote/pre;M!M:zzzsnippet.Iterator:hasNext;d;hasNext;org.jivesoftware.smack.util.collections.MapIterator.hasNext;method;t;128569;914085;25917;1;"";javamethod;87881;
smack/doc/smacktutorial3.3/home/gaya/recodoc2/recodoc2/recodoc_data/smack/doc/smack/extensions/disco.html;/html/body/div[5]/blockquote/pre;M!M:zzzsnippet.Iterator:hasNext;d;hasNext;org.jivesoftware.smack.util.collections.AbstractHashedMap.HashIterator.hasNext;method;f;128568;914085;26585;0;"";javamethod;87881;87881
smack/doc/smacktutorial3.3/home/gaya/recodoc2/recodoc2/recodoc_data/smack/doc/smack/extensions/disco.html;/html/body/div[4]/blockquote/pre;M!M:zzzsnippet.Iterator:hasNext;d;hasNext;org.jivesoftware.smack.util.collections.MapIterator.hasNext;method;t;128630;913998;25917;1;"";javamethod;87929;
smack/doc/smacktutorial3.3/home/gaya/recodoc2/recodoc2/recodoc_data/smack/doc/smack/extensions/disco.html;/html/body/div[4]/blockquote/pre;M!M:zzzsnippet.Iterator:hasNext;d;hasNext;org.jivesoftware.smack.util.collections.AbstractHashedMap.HashIterator.hasNext;method;f;128629;913998;26585;0;"";javamethod;87929;87929
smack/doc/smacktutorial3.3/home/gaya/recodoc2/recodoc2/recodoc_data/smack/doc/smack/processing.html;/html/body/div[1]/div[3]/pre;M!M:UNKNOWNP.UNKNOWN:processPacket:zzzsnippet.Packet;d;processPacket;org.jivesoftware.smack.PacketCollector.processPacket;method;f;128854;913366;24278;1;"";javamethod;88119;
smack/doc/smacktutorial3.3/home/gaya/recodoc2/recodoc2/recodoc_data/smack/doc/smack/processing.html;/html/body/div[1]/div[3]/pre;M!M:UNKNOWNP.UNKNOWN:processPacket:zzzsnippet.Packet;d;processPacket;org.jivesoftware.smack.PacketListener.processPacket;method;t;128853;913366;24155;0;"";javamethod;88119;88119
smack/doc/smacktutorial3.3/home/gaya/recodoc2/recodoc2/recodoc_data/smack/doc/smack/extensions/dataforms.html;/html/body/div[2]/blockquote/pre;M!M:zzzsnippet.Form:Form:UNKNOWNP.UNKNOWN;d;Form;org.jivesoftware.smackx.Form.Form;method;f;128793;913545;26581;1;"";javamethod;88062;
smack/doc/smacktutorial3.3/home/gaya/recodoc2/recodoc2/recodoc_data/smack/doc/smack/extensions/dataforms.html;/html/body/div[2]/blockquote/pre;M!M:zzzsnippet.Form:Form:UNKNOWNP.UNKNOWN;d;Form;org.jivesoftware.smackx.Form.Form;method;f;128792;913545;26574;0;"";javamethod;88062;88062
smack/doc/smacktutorial3.3/home/gaya/recodoc2/recodoc2/recodoc_data/smack/doc/smack/extensions/disco.html;/html/body/div[4]/blockquote/pre;M!M:zzzsnippet.Iterator:next;d;next;org.jivesoftware.smack.util.collections.AbstractHashedMap.ValuesIterator.next;method;f;128637;913995;26499;3;"";javamethod;87933;
smack/doc/smacktutorial3.3/home/gaya/recodoc2/recodoc2/recodoc_data/smack/doc/smack/extensions/disco.html;/html/body/div[4]/blockquote/pre;M!M:zzzsnippet.Iterator:next;d;next;org.jivesoftware.smack.util.collections.AbstractHashedMap.KeySetIterator.next;method;f;128636;913995;26449;2;"";javamethod;87933;
smack/doc/smacktutorial3.3/home/gaya/recodoc2/recodoc2/recodoc_data/smack/doc/smack/extensions/disco.html;/html/body/div[4]/blockquote/pre;M!M:zzzsnippet.Iterator:next;d;next;org.jivesoftware.smack.util.collections.AbstractHashedMap.HashMapIterator.next;method;f;128635;913995;26314;1;"";javamethod;87933;
smack/doc/smacktutorial3.3/home/gaya/recodoc2/recodoc2/recodoc_data/smack/doc/smack/extensions/disco.html;/html/body/div[4]/blockquote/pre;M!M:zzzsnippet.Iterator:next;d;next;org.jivesoftware.smack.util.collections.MapIterator.next;method;t;128634;913995;25921;0;"";javamethod;87933;87933
smack/doc/smacktutorial3.3/home/gaya/recodoc2/recodoc2/recodoc_data/smack/doc/smack/extensions/rosterexchange.html;/html/body/div[3]/blockquote/pre;M!M:zzzsnippet.Iterator:next;d;next;org.jivesoftware.smack.util.collections.AbstractHashedMap.ValuesIterator.next;method;f;128781;913605;26499;3;"";javamethod;88052;
smack/doc/smacktutorial3.3/home/gaya/recodoc2/recodoc2/recodoc_data/smack/doc/smack/extensions/rosterexchange.html;/html/body/div[3]/blockquote/pre;M!M:zzzsnippet.Iterator:next;d;next;org.jivesoftware.smack.util.collections.AbstractHashedMap.KeySetIterator.next;method;f;128780;913605;26449;2;"";javamethod;88052;
smack/doc/smacktutorial3.3/home/gaya/recodoc2/recodoc2/recodoc_data/smack/doc/smack/extensions/rosterexchange.html;/html/body/div[3]/blockquote/pre;M!M:zzzsnippet.Iterator:next;d;next;org.jivesoftware.smack.util.collections.AbstractHashedMap.HashMapIterator.next;method;f;128779;913605;26314;1;"";javamethod;88052;
smack/doc/smacktutorial3.3/home/gaya/recodoc2/recodoc2/recodoc_data/smack/doc/smack/extensions/rosterexchange.html;/html/body/div[3]/blockquote/pre;M!M:zzzsnippet.Iterator:next;d;next;org.jivesoftware.smack.util.collections.MapIterator.next;method;t;128778;913605;25921;0;"";javamethod;88052;88052
smack/doc/smacktutorial3.3/home/gaya/recodoc2/recodoc2/recodoc_data/smack/doc/smack/extensions/pubsub.html;/html/body/div[3]/blockquote[2]/pre;M!M:zzzsnippet.LeafNode:send:zzzsnippet.PayloadItem;d;send;org.jivesoftware.smackx.pubsub.LeafNode.send;method;f;128535;914185;29289;1;"";javamethod;87855;
smack/doc/smacktutorial3.3/home/gaya/recodoc2/recodoc2/recodoc_data/smack/doc/smack/extensions/pubsub.html;/html/body/div[3]/blockquote[2]/pre;M!M:zzzsnippet.LeafNode:send:zzzsnippet.PayloadItem;d;send;org.jivesoftware.smackx.pubsub.LeafNode.send;method;f;128534;914185;29282;0;"";javamethod;87855;87855
smack/doc/smacktutorial3.3/home/gaya/recodoc2/recodoc2/recodoc_data/smack/doc/smack/extensions/rosterexchange.html;/html/body/div[5]/blockquote/pre;M!M:zzzsnippet.XMPPConnection:XMPPConnection:UNKNOWNP.UNKNOWN;d;XMPPConnection;org.jivesoftware.smack.XMPPConnection.XMPPConnection;method;f;128554;914134;24373;1;"";javamethod;87871;
smack/doc/smacktutorial3.3/home/gaya/recodoc2/recodoc2/recodoc_data/smack/doc/smack/extensions/rosterexchange.html;/html/body/div[5]/blockquote/pre;M!M:zzzsnippet.XMPPConnection:XMPPConnection:UNKNOWNP.UNKNOWN;d;XMPPConnection;org.jivesoftware.smack.XMPPConnection.XMPPConnection;method;f;128553;914134;24366;0;"";javamethod;87871;87871
smack/doc/smacktutorial3.3/home/gaya/recodoc2/recodoc2/recodoc_data/smack/doc/smack/extensions/pubsub.html;/html/body/div[3]/blockquote[1]/pre;M!M:zzzsnippet.LeafNode:send:zzzsnippet.Item;d;send;org.jivesoftware.smackx.pubsub.LeafNode.send;method;f;128598;914043;29289;1;"";javamethod;87903;
smack/doc/smacktutorial3.3/home/gaya/recodoc2/recodoc2/recodoc_data/smack/doc/smack/extensions/pubsub.html;/html/body/div[3]/blockquote[1]/pre;M!M:zzzsnippet.LeafNode:send:zzzsnippet.Item;d;send;org.jivesoftware.smackx.pubsub.LeafNode.send;method;f;128597;914043;29282;0;"";javamethod;87903;87903
smack/doc/smacktutorial3.3/home/gaya/recodoc2/recodoc2/recodoc_data/smack/doc/smack/extensions/pubsub.html;/html/body/div[3]/blockquote[1]/pre;M!M:zzzsnippet.Item:Item:java.lang.String;d;Item;org.jivesoftware.smackx.packet.DiscoverItems.Item.Item;method;f;128609;914041;28823;3;"";javamethod;87911;
smack/doc/smacktutorial3.3/home/gaya/recodoc2/recodoc2/recodoc_data/smack/doc/smack/extensions/pubsub.html;/html/body/div[3]/blockquote[1]/pre;M!M:zzzsnippet.Item:Item:java.lang.String;d;Item;org.jivesoftware.smackx.packet.MUCOwner.Item.Item;method;f;128608;914041;28546;2;"";javamethod;87911;
smack/doc/smacktutorial3.3/home/gaya/recodoc2/recodoc2/recodoc_data/smack/doc/smack/extensions/pubsub.html;/html/body/div[3]/blockquote[1]/pre;M!M:zzzsnippet.Item:Item:java.lang.String;d;Item;org.jivesoftware.smackx.packet.OfflineMessageRequest.Item.Item;method;f;128607;914041;28122;1;"";javamethod;87911;
smack/doc/smacktutorial3.3/home/gaya/recodoc2/recodoc2/recodoc_data/smack/doc/smack/extensions/pubsub.html;/html/body/div[3]/blockquote[1]/pre;M!M:zzzsnippet.Item:Item:java.lang.String;d;Item;org.jivesoftware.smackx.pubsub.Item.Item;method;f;128606;914041;29539;0;"";javamethod;87911;87911
smack/doc/smacktutorial3.3/home/gaya/recodoc2/recodoc2/recodoc_data/smack/doc/smack/extensions/messageevents.html;/html/body/div[3]/blockquote/pre;M!M:zzzsnippet.XMPPConnection:XMPPConnection:UNKNOWNP.UNKNOWN;d;XMPPConnection;org.jivesoftware.smack.XMPPConnection.XMPPConnection;method;f;128682;913781;24373;1;"";javamethod;87968;
smack/doc/smacktutorial3.3/home/gaya/recodoc2/recodoc2/recodoc_data/smack/doc/smack/extensions/messageevents.html;/html/body/div[3]/blockquote/pre;M!M:zzzsnippet.XMPPConnection:XMPPConnection:UNKNOWNP.UNKNOWN;d;XMPPConnection;org.jivesoftware.smack.XMPPConnection.XMPPConnection;method;f;128681;913781;24366;0;"";javamethod;87968;87968
smack/doc/smacktutorial3.3/home/gaya/recodoc2/recodoc2/recodoc_data/smack/doc/smack/extensions/muc.html;/html/body/div[2]/blockquote[1]/pre;M!M:zzzsnippet.Form:Form:UNKNOWNP.UNKNOWN;d;Form;org.jivesoftware.smackx.Form.Form;method;f;128893;913451;26581;1;"";javamethod;88155;
smack/doc/smacktutorial3.3/home/gaya/recodoc2/recodoc2/recodoc_data/smack/doc/smack/extensions/muc.html;/html/body/div[2]/blockquote[1]/pre;M!M:zzzsnippet.Form:Form:UNKNOWNP.UNKNOWN;d;Form;org.jivesoftware.smackx.Form.Form;method;f;128892;913451;26574;0;"";javamethod;88155;88155
smack/doc/smacktutorial3.3/home/gaya/recodoc2/recodoc2/recodoc_data/smack/doc/smack/extensions/messageevents.html;/html/body/div[4]/blockquote/pre;M!M:zzzsnippet.XMPPConnection:XMPPConnection:UNKNOWNP.UNKNOWN;d;XMPPConnection;org.jivesoftware.smack.XMPPConnection.XMPPConnection;method;f;128613;913942;24373;1;"";javamethod;87914;
smack/doc/smacktutorial3.3/home/gaya/recodoc2/recodoc2/recodoc_data/smack/doc/smack/extensions/messageevents.html;/html/body/div[4]/blockquote/pre;M!M:zzzsnippet.XMPPConnection:XMPPConnection:UNKNOWNP.UNKNOWN;d;XMPPConnection;org.jivesoftware.smack.XMPPConnection.XMPPConnection;method;f;128612;913942;24366;0;"";javamethod;87914;87914
smack/doc/smacktutorial3.3/home/gaya/recodoc2/recodoc2/recodoc_data/smack/doc/smack/extensions/disco.html;/html/body/div[4]/blockquote/pre;M!M:DiscoverItems.Item:getNode;d;getNode;org.jivesoftware.smackx.packet.DiscoverItems.Item.getNode;method;f;128657;913987;28843;1;"";javamethod;87946;
smack/doc/smacktutorial3.3/home/gaya/recodoc2/recodoc2/recodoc_data/smack/doc/smack/extensions/disco.html;/html/body/div[4]/blockquote/pre;M!M:DiscoverItems.Item:getNode;d;getNode;org.jivesoftware.smackx.packet.DiscoverItems.getNode;method;f;128656;913987;28805;0;"";javamethod;87946;87946
smack/doc/smacktutorial3.3/home/gaya/recodoc2/recodoc2/recodoc_data/smack/doc/smack/extensions/disco.html;/html/body/div[3]/blockquote/pre;M!M:zzzsnippet.Iterator:next;d;next;org.jivesoftware.smack.util.collections.AbstractHashedMap.ValuesIterator.next;method;f;128773;913795;26499;3;"";javamethod;88047;
smack/doc/smacktutorial3.3/home/gaya/recodoc2/recodoc2/recodoc_data/smack/doc/smack/extensions/disco.html;/html/body/div[3]/blockquote/pre;M!M:zzzsnippet.Iterator:next;d;next;org.jivesoftware.smack.util.collections.AbstractHashedMap.KeySetIterator.next;method;f;128772;913795;26449;2;"";javamethod;88047;
smack/doc/smacktutorial3.3/home/gaya/recodoc2/recodoc2/recodoc_data/smack/doc/smack/extensions/disco.html;/html/body/div[3]/blockquote/pre;M!M:zzzsnippet.Iterator:next;d;next;org.jivesoftware.smack.util.collections.AbstractHashedMap.HashMapIterator.next;method;f;128771;913795;26314;1;"";javamethod;88047;
smack/doc/smacktutorial3.3/home/gaya/recodoc2/recodoc2/recodoc_data/smack/doc/smack/extensions/disco.html;/html/body/div[3]/blockquote/pre;M!M:zzzsnippet.Iterator:next;d;next;org.jivesoftware.smack.util.collections.MapIterator.next;method;t;128770;913795;25921;0;"";javamethod;88047;88047
smack/doc/smacktutorial3.3/home/gaya/recodoc2/recodoc2/recodoc_data/smack/doc/smack/extensions/xhtml.html;/html/body/div[4]/blockquote/pre;M!M:zzzsnippet.Iterator:hasNext;d;hasNext;org.jivesoftware.smack.util.collections.MapIterator.hasNext;method;t;128647;913877;25917;1;"";javamethod;87940;
smack/doc/smacktutorial3.3/home/gaya/recodoc2/recodoc2/recodoc_data/smack/doc/smack/extensions/xhtml.html;/html/body/div[4]/blockquote/pre;M!M:zzzsnippet.Iterator:hasNext;d;hasNext;org.jivesoftware.smack.util.collections.AbstractHashedMap.HashIterator.hasNext;method;f;128646;913877;26585;0;"";javamethod;87940;87940
smack/doc/smacktutorial3.3/home/gaya/recodoc2/recodoc2/recodoc_data/smack/doc/smack/extensions/messageevents.html;/html/body/div[3]/blockquote/pre;M!M:zzzsnippet.XMPPConnection:XMPPConnection:UNKNOWNP.UNKNOWN;d;XMPPConnection;org.jivesoftware.smack.XMPPConnection.XMPPConnection;method;f;128679;913789;24373;1;"";javamethod;87966;
smack/doc/smacktutorial3.3/home/gaya/recodoc2/recodoc2/recodoc_data/smack/doc/smack/extensions/messageevents.html;/html/body/div[3]/blockquote/pre;M!M:zzzsnippet.XMPPConnection:XMPPConnection:UNKNOWNP.UNKNOWN;d;XMPPConnection;org.jivesoftware.smack.XMPPConnection.XMPPConnection;method;f;128678;913789;24366;0;"";javamethod;87966;87966
smack/doc/smacktutorial3.3/home/gaya/recodoc2/recodoc2/recodoc_data/smack/doc/smack/extensions/pubsub.html;/html/body/div[2]/blockquote[3]/pre;M!M:zzzsnippet.ConfigureForm:ConfigureForm:UNKNOWNP.UNKNOWN;d;ConfigureForm;org.jivesoftware.smackx.pubsub.ConfigureForm.ConfigureForm;method;f;128641;914016;29367;2;"";javamethod;87935;
smack/doc/smacktutorial3.3/home/gaya/recodoc2/recodoc2/recodoc_data/smack/doc/smack/extensions/pubsub.html;/html/body/div[2]/blockquote[3]/pre;M!M:zzzsnippet.ConfigureForm:ConfigureForm:UNKNOWNP.UNKNOWN;d;ConfigureForm;org.jivesoftware.smackx.pubsub.ConfigureForm.ConfigureForm;method;f;128640;914016;29360;1;"";javamethod;87935;
smack/doc/smacktutorial3.3/home/gaya/recodoc2/recodoc2/recodoc_data/smack/doc/smack/extensions/pubsub.html;/html/body/div[2]/blockquote[3]/pre;M!M:zzzsnippet.ConfigureForm:ConfigureForm:UNKNOWNP.UNKNOWN;d;ConfigureForm;org.jivesoftware.smackx.pubsub.ConfigureForm.ConfigureForm;method;f;128639;914016;29352;0;"";javamethod;87935;87935
smack/doc/smacktutorial3.3/home/gaya/recodoc2/recodoc2/recodoc_data/smack/doc/smack/extensions/rosterexchange.html;/html/body/div[5]/blockquote/pre;M!M:zzzsnippet.Iterator:hasNext;d;hasNext;org.jivesoftware.smack.util.collections.MapIterator.hasNext;method;t;128560;914116;25917;1;"";javamethod;87876;
smack/doc/smacktutorial3.3/home/gaya/recodoc2/recodoc2/recodoc_data/smack/doc/smack/extensions/rosterexchange.html;/html/body/div[5]/blockquote/pre;M!M:zzzsnippet.Iterator:hasNext;d;hasNext;org.jivesoftware.smack.util.collections.AbstractHashedMap.HashIterator.hasNext;method;f;128559;914116;26585;0;"";javamethod;87876;87876
smack/doc/smacktutorial3.3/home/gaya/recodoc2/recodoc2/recodoc_data/smack/doc/smack/extensions/pubsub.html;/html/body/div[3]/blockquote[1]/pre;M!M:zzzsnippet.LeafNode:send:zzzsnippet.Item;d;send;org.jivesoftware.smackx.pubsub.LeafNode.send;method;f;128590;914046;29289;1;"";javamethod;87898;
smack/doc/smacktutorial3.3/home/gaya/recodoc2/recodoc2/recodoc_data/smack/doc/smack/extensions/pubsub.html;/html/body/div[3]/blockquote[1]/pre;M!M:zzzsnippet.LeafNode:send:zzzsnippet.Item;d;send;org.jivesoftware.smackx.pubsub.LeafNode.send;method;f;128589;914046;29282;0;"";javamethod;87898;87898
smack/doc/smacktutorial3.3/home/gaya/recodoc2/recodoc2/recodoc_data/smack/doc/smack/extensions/muc.html;/html/body/div[2]/blockquote[2]/pre;M!M:zzzsnippet.Iterator:hasNext;d;hasNext;org.jivesoftware.smack.util.collections.MapIterator.hasNext;method;t;128710;913714;25917;1;"";javamethod;87994;
smack/doc/smacktutorial3.3/home/gaya/recodoc2/recodoc2/recodoc_data/smack/doc/smack/extensions/muc.html;/html/body/div[2]/blockquote[2]/pre;M!M:zzzsnippet.Iterator:hasNext;d;hasNext;org.jivesoftware.smack.util.collections.AbstractHashedMap.HashIterator.hasNext;method;f;128709;913714;26585;0;"";javamethod;87994;87994
smack/doc/smacktutorial3.3/home/gaya/recodoc2/recodoc2/recodoc_data/smack/doc/smack/extensions/pubsub.html;/html/body/div[2]/blockquote[2]/pre;M!M:zzzsnippet.ConfigureForm:ConfigureForm:UNKNOWNP.UNKNOWN;d;ConfigureForm;org.jivesoftware.smackx.pubsub.ConfigureForm.ConfigureForm;method;f;128734;913649;29367;2;"";javamethod;88013;
smack/doc/smacktutorial3.3/home/gaya/recodoc2/recodoc2/recodoc_data/smack/doc/smack/extensions/pubsub.html;/html/body/div[2]/blockquote[2]/pre;M!M:zzzsnippet.ConfigureForm:ConfigureForm:UNKNOWNP.UNKNOWN;d;ConfigureForm;org.jivesoftware.smackx.pubsub.ConfigureForm.ConfigureForm;method;f;128733;913649;29360;1;"";javamethod;88013;
smack/doc/smacktutorial3.3/home/gaya/recodoc2/recodoc2/recodoc_data/smack/doc/smack/extensions/pubsub.html;/html/body/div[2]/blockquote[2]/pre;M!M:zzzsnippet.ConfigureForm:ConfigureForm:UNKNOWNP.UNKNOWN;d;ConfigureForm;org.jivesoftware.smackx.pubsub.ConfigureForm.ConfigureForm;method;f;128732;913649;29352;0;"";javamethod;88013;88013
smack/doc/smacktutorial3.3/home/gaya/recodoc2/recodoc2/recodoc_data/smack/doc/smack/extensions/disco.html;/html/body/div[5]/blockquote/pre;M!M:zzzsnippet.Iterator:next;d;next;org.jivesoftware.smack.util.collections.AbstractHashedMap.ValuesIterator.next;method;f;128576;914082;26499;3;"";javamethod;87885;
smack/doc/smacktutorial3.3/home/gaya/recodoc2/recodoc2/recodoc_data/smack/doc/smack/extensions/disco.html;/html/body/div[5]/blockquote/pre;M!M:zzzsnippet.Iterator:next;d;next;org.jivesoftware.smack.util.collections.AbstractHashedMap.KeySetIterator.next;method;f;128575;914082;26449;2;"";javamethod;87885;
smack/doc/smacktutorial3.3/home/gaya/recodoc2/recodoc2/recodoc_data/smack/doc/smack/extensions/disco.html;/html/body/div[5]/blockquote/pre;M!M:zzzsnippet.Iterator:next;d;next;org.jivesoftware.smack.util.collections.AbstractHashedMap.HashMapIterator.next;method;f;128574;914082;26314;1;"";javamethod;87885;
smack/doc/smacktutorial3.3/home/gaya/recodoc2/recodoc2/recodoc_data/smack/doc/smack/extensions/disco.html;/html/body/div[5]/blockquote/pre;M!M:zzzsnippet.Iterator:next;d;next;org.jivesoftware.smack.util.collections.MapIterator.next;method;t;128573;914082;25921;0;"";javamethod;87885;87885
smack/doc/smacktutorial3.3/home/gaya/recodoc2/recodoc2/recodoc_data/smack/doc/smack/extensions/rosterexchange.html;/html/body/div[3]/blockquote/pre;M!M:zzzsnippet.XMPPConnection:XMPPConnection:UNKNOWNP.UNKNOWN;d;XMPPConnection;org.jivesoftware.smack.XMPPConnection.XMPPConnection;method;f;128703;913621;24373;1;"";javamethod;87988;
smack/doc/smacktutorial3.3/home/gaya/recodoc2/recodoc2/recodoc_data/smack/doc/smack/extensions/rosterexchange.html;/html/body/div[3]/blockquote/pre;M!M:zzzsnippet.XMPPConnection:XMPPConnection:UNKNOWNP.UNKNOWN;d;XMPPConnection;org.jivesoftware.smack.XMPPConnection.XMPPConnection;method;f;128702;913621;24366;0;"";javamethod;87988;87988
smack/doc/smacktutorial3.3/home/gaya/recodoc2/recodoc2/recodoc_data/smack/doc/smack/extensions/messageevents.html;/html/body/div[2]/blockquote/pre;M!M:zzzsnippet.XMPPConnection:XMPPConnection:UNKNOWNP.UNKNOWN;d;XMPPConnection;org.jivesoftware.smack.XMPPConnection.XMPPConnection;method;f;128810;913406;24373;1;"";javamethod;88078;
smack/doc/smacktutorial3.3/home/gaya/recodoc2/recodoc2/recodoc_data/smack/doc/smack/extensions/messageevents.html;/html/body/div[2]/blockquote/pre;M!M:zzzsnippet.XMPPConnection:XMPPConnection:UNKNOWNP.UNKNOWN;d;XMPPConnection;org.jivesoftware.smack.XMPPConnection.XMPPConnection;method;f;128809;913406;24366;0;"";javamethod;88078;88078
smack/doc/smacktutorial3.3/home/gaya/recodoc2/recodoc2/recodoc_data/smack/doc/smack/extensions/pubsub.html;/html/body/div[4]/blockquote[5]/pre;M!M:zzzsnippet.ConfigureForm:ConfigureForm:UNKNOWNP.UNKNOWN;d;ConfigureForm;org.jivesoftware.smackx.pubsub.ConfigureForm.ConfigureForm;method;f;128495;914311;29367;2;"";javamethod;87816;
smack/doc/smacktutorial3.3/home/gaya/recodoc2/recodoc2/recodoc_data/smack/doc/smack/extensions/pubsub.html;/html/body/div[4]/blockquote[5]/pre;M!M:zzzsnippet.ConfigureForm:ConfigureForm:UNKNOWNP.UNKNOWN;d;ConfigureForm;org.jivesoftware.smackx.pubsub.ConfigureForm.ConfigureForm;method;f;128494;914311;29360;1;"";javamethod;87816;
smack/doc/smacktutorial3.3/home/gaya/recodoc2/recodoc2/recodoc_data/smack/doc/smack/extensions/pubsub.html;/html/body/div[4]/blockquote[5]/pre;M!M:zzzsnippet.ConfigureForm:ConfigureForm:UNKNOWNP.UNKNOWN;d;ConfigureForm;org.jivesoftware.smackx.pubsub.ConfigureForm.ConfigureForm;method;f;128493;914311;29352;0;"";javamethod;87816;87816
smack/doc/smacktutorial3.3/home/gaya/recodoc2/recodoc2/recodoc_data/smack/doc/smack/extensions/disco.html;/html/body/div[3]/blockquote/pre;M!M:zzzsnippet.Iterator:hasNext;d;hasNext;org.jivesoftware.smack.util.collections.MapIterator.hasNext;method;t;128742;913799;25917;1;"";javamethod;88020;
smack/doc/smacktutorial3.3/home/gaya/recodoc2/recodoc2/recodoc_data/smack/doc/smack/extensions/disco.html;/html/body/div[3]/blockquote/pre;M!M:zzzsnippet.Iterator:hasNext;d;hasNext;org.jivesoftware.smack.util.collections.AbstractHashedMap.HashIterator.hasNext;method;f;128741;913799;26585;0;"";javamethod;88020;88020
smack/doc/smacktutorial3.3/home/gaya/recodoc2/recodoc2/recodoc_data/smack/doc/smack/extensions/rosterexchange.html;/html/body/div[5]/blockquote/pre;M!M:zzzsnippet.RosterExchangeManager:send:UNKNOWNP.UNKNOWN:UNKNOWNP.UNKNOWN;d;send;org.jivesoftware.smackx.RosterExchangeManager.send;method;f;128595;914097;26697;2;"";javamethod;87901;
smack/doc/smacktutorial3.3/home/gaya/recodoc2/recodoc2/recodoc_data/smack/doc/smack/extensions/rosterexchange.html;/html/body/div[5]/blockquote/pre;M!M:zzzsnippet.RosterExchangeManager:send:UNKNOWNP.UNKNOWN:UNKNOWNP.UNKNOWN;d;send;org.jivesoftware.smackx.RosterExchangeManager.send;method;f;128594;914097;26687;1;"";javamethod;87901;
smack/doc/smacktutorial3.3/home/gaya/recodoc2/recodoc2/recodoc_data/smack/doc/smack/extensions/rosterexchange.html;/html/body/div[5]/blockquote/pre;M!M:zzzsnippet.RosterExchangeManager:send:UNKNOWNP.UNKNOWN:UNKNOWNP.UNKNOWN;d;send;org.jivesoftware.smackx.RosterExchangeManager.send;method;f;128593;914097;26677;0;"";javamethod;87901;87901
smack/doc/smacktutorial3.3/home/gaya/recodoc2/recodoc2/recodoc_data/smack/doc/smack/extensions/muc.html;/html/body/div[2]/blockquote[2]/pre;M!M:zzzsnippet.Iterator:next;d;next;org.jivesoftware.smack.util.collections.AbstractHashedMap.ValuesIterator.next;method;f;128717;913711;26499;3;"";javamethod;87998;
smack/doc/smacktutorial3.3/home/gaya/recodoc2/recodoc2/recodoc_data/smack/doc/smack/extensions/muc.html;/html/body/div[2]/blockquote[2]/pre;M!M:zzzsnippet.Iterator:next;d;next;org.jivesoftware.smack.util.collections.AbstractHashedMap.KeySetIterator.next;method;f;128716;913711;26449;2;"";javamethod;87998;
smack/doc/smacktutorial3.3/home/gaya/recodoc2/recodoc2/recodoc_data/smack/doc/smack/extensions/muc.html;/html/body/div[2]/blockquote[2]/pre;M!M:zzzsnippet.Iterator:next;d;next;org.jivesoftware.smack.util.collections.AbstractHashedMap.HashMapIterator.next;method;f;128715;913711;26314;1;"";javamethod;87998;
smack/doc/smacktutorial3.3/home/gaya/recodoc2/recodoc2/recodoc_data/smack/doc/smack/extensions/muc.html;/html/body/div[2]/blockquote[2]/pre;M!M:zzzsnippet.Iterator:next;d;next;org.jivesoftware.smack.util.collections.MapIterator.next;method;t;128714;913711;25921;0;"";javamethod;87998;87998
smack/doc/smacktutorial3.3/home/gaya/recodoc2/recodoc2/recodoc_data/smack/doc/smack/extensions/disco.html;/html/body/div[6]/blockquote/pre;M!M:DiscoverItems.Item:setNode:java.lang.String;d;setNode;org.jivesoftware.smackx.packet.DiscoverItems.Item.setNode;method;f;128539;914156;28861;1;"";javamethod;87858;
smack/doc/smacktutorial3.3/home/gaya/recodoc2/recodoc2/recodoc_data/smack/doc/smack/extensions/disco.html;/html/body/div[6]/blockquote/pre;M!M:DiscoverItems.Item:setNode:java.lang.String;d;setNode;org.jivesoftware.smackx.packet.DiscoverItems.setNode;method;f;128538;914156;28808;0;"";javamethod;87858;87858
smack/doc/smacktutorial3.3/home/gaya/recodoc2/recodoc2/recodoc_data/smack/doc/smack/extensions/rosterexchange.html;/html/body/div[3]/blockquote/pre;M!M:zzzsnippet.Iterator:hasNext;d;hasNext;org.jivesoftware.smack.util.collections.MapIterator.hasNext;method;t;128754;913608;25917;1;"";javamethod;88031;
smack/doc/smacktutorial3.3/home/gaya/recodoc2/recodoc2/recodoc_data/smack/doc/smack/extensions/rosterexchange.html;/html/body/div[3]/blockquote/pre;M!M:zzzsnippet.Iterator:hasNext;d;hasNext;org.jivesoftware.smack.util.collections.AbstractHashedMap.HashIterator.hasNext;method;f;128753;913608;26585;0;"";javamethod;88031;88031
smack/doc/smacktutorial3.3/home/gaya/recodoc2/recodoc2/recodoc_data/smack/doc/smack/gettingstarted.html;/html/body/div[5]/div/pre;M!M:zzzsnippet.con:sendPacket:zzzsnippet.Presence;d;sendPacket;org.jivesoftware.smack.XMPPConnection.sendPacket;method;f;128791;913625;24510;1;"";javamethod;88061;
smack/doc/smacktutorial3.3/home/gaya/recodoc2/recodoc2/recodoc_data/smack/doc/smack/gettingstarted.html;/html/body/div[5]/div/pre;M!M:zzzsnippet.con:sendPacket:zzzsnippet.Presence;d;sendPacket;org.jivesoftware.smack.Connection.sendPacket;method;t;128790;913625;24116;0;"";javamethod;88061;88061
smack/doc/smacktutorial3.3/home/gaya/recodoc2/recodoc2/recodoc_data/smack/doc/smack/extensions/rosterexchange.html;/html/body/div[2]/blockquote/pre;M!M:zzzsnippet.XMPPConnection:XMPPConnection:UNKNOWNP.UNKNOWN;d;XMPPConnection;org.jivesoftware.smack.XMPPConnection.XMPPConnection;method;f;128821;913507;24373;1;"";javamethod;88088;
smack/doc/smacktutorial3.3/home/gaya/recodoc2/recodoc2/recodoc_data/smack/doc/smack/extensions/rosterexchange.html;/html/body/div[2]/blockquote/pre;M!M:zzzsnippet.XMPPConnection:XMPPConnection:UNKNOWNP.UNKNOWN;d;XMPPConnection;org.jivesoftware.smack.XMPPConnection.XMPPConnection;method;f;128820;913507;24366;0;"";javamethod;88088;88088
smack/doc/smacktutorial3.3/home/gaya/recodoc2/recodoc2/recodoc_data/smack/doc/smack/extensions/rosterexchange.html;/html/body/div[5]/blockquote/pre;M!M:zzzsnippet.XMPPConnection:XMPPConnection:UNKNOWNP.UNKNOWN;d;XMPPConnection;org.jivesoftware.smack.XMPPConnection.XMPPConnection;method;f;128551;914142;24373;1;"";javamethod;87869;
smack/doc/smacktutorial3.3/home/gaya/recodoc2/recodoc2/recodoc_data/smack/doc/smack/extensions/rosterexchange.html;/html/body/div[5]/blockquote/pre;M!M:zzzsnippet.XMPPConnection:XMPPConnection:UNKNOWNP.UNKNOWN;d;XMPPConnection;org.jivesoftware.smack.XMPPConnection.XMPPConnection;method;f;128550;914142;24366;0;"";javamethod;87869;87869
smack/doc/smacktutorial3.3/home/gaya/recodoc2/recodoc2/recodoc_data/smack/doc/smack/extensions/rosterexchange.html;/html/body/div[4]/blockquote/pre;M!M:zzzsnippet.XMPPConnection:XMPPConnection:UNKNOWNP.UNKNOWN;d;XMPPConnection;org.jivesoftware.smack.XMPPConnection.XMPPConnection;method;f;128628;913979;24373;1;"";javamethod;87928;
smack/doc/smacktutorial3.3/home/gaya/recodoc2/recodoc2/recodoc_data/smack/doc/smack/extensions/rosterexchange.html;/html/body/div[4]/blockquote/pre;M!M:zzzsnippet.XMPPConnection:XMPPConnection:UNKNOWNP.UNKNOWN;d;XMPPConnection;org.jivesoftware.smack.XMPPConnection.XMPPConnection;method;f;128627;913979;24366;0;"";javamethod;87928;87928
